_id,guestdate,guestid,guestinstructions,guestmaterials,guestname,guesttime,guesttitle,guesttools
63324979dc3a579f583058af,2022-09-27T00:53:13.467Z,1,Sand wood,1x4 Plank,JohnAlv,2,Simple Coat Rack,hammer
63324a39dc3a579f583058b0,2022-09-27T00:56:25.205Z,2,Cut 2 fee of length off one board,3 1x4 Planks,WoodDude76,1,Small Stool,Screwdriver
63324b04dc3a579f583058b1,2022-09-27T00:59:48.839Z,3,Cut 3 of the dowels into 4ths.,"6 12' Wooden Dowels",praisethesun_,1.5,Sword Holder,Circular Saw
63324bd0dc3a579f583058b2,2022-09-27T01:03:12.570Z,4,Cut one 2.4 into 3rds.,4 2x4 Planks,ValPal,3,Vanity,"Circular Saw, nails"
63571df3245c0334955b3df4,0.00020823572283825288,5,Sand Wood and cut it,"2x4, white paint",LazyLLama,2,Shoe Rack,"Hammer, circular saw, nails"
635722ce7d8f404f1ba1d4bc,0.00020823572283825288,6,THIS IS A TEST,"2x4, white paint",Alvarez John,2,Shoe Rack,"Hammer, circular saw, nails"
63572334d8dae956beedf30e,0.00020823572283825288,8,THIS IS A TEST,"2x4, white paint",TEST MAN,2,Shoe Rack,"Hammer, circular saw, nails"
635724da4b2f24e78ad80917,0.00020823572283825288,7,THIS IS A TEST,"2x4, white paint",TRIAL GUY,2,Shoe Rack,"Hammer, circular saw, nails"